code,date,profit,income,net profit margine,asset turn over,equity multiplier,ROE
000019,2017/12/31,-61.2529 ,315.7627 ,-0.1940 ,0.2808 ,1.1173 ,-0.0609 
000019,2016/12/31,90.1455 ,273.3836 ,0.3297 ,0.2442 ,1.1157 ,0.0898 
000019,2015/12/31,-42.9606 ,338.2245 ,-0.1270 ,0.3054 ,1.1355 ,-0.0440 
000019,2014/12/31,14.1262 ,368.1214 ,0.0384 ,0.2955 ,1.2423 ,0.0141 
000019,2013/12/31,45.2142 ,438.3187 ,0.1032 ,0.3425 ,1.2685 ,0.0448 
000019,2012/12/31,74.0639 ,310.7903 ,0.2383 ,0.2720 ,1.2051 ,0.0781 
000019,2011/12/31,9.6432 ,318.2302 ,0.0303 ,0.3699 ,1.3624 ,0.0153 
000019,2010/12/31,8.9854 ,229.7974 ,0.0391 ,0.3585 ,1.7362 ,0.0243 
000019,2009/12/31,-9.8652 ,184.1422 ,-0.0536 ,0.3188 ,1.5436 ,-0.0264 
000019,2008/12/31,16.0136 ,151.1181 ,0.1060 ,0.3022 ,1.3329 ,0.0427 
000019,2007/12/31,44.6374 ,192.2410 ,0.2322 ,0.4103 ,1.4125 ,0.1346 
000019,2006/12/31,37.8296 ,103.6975 ,0.3648 ,0.2284 ,1.6368 ,0.1364 
000019,2005/12/31,4.4316 ,88.0992 ,0.0503 ,0.1950 ,1.8171 ,0.0178 
000019,2004/12/31,-1.7380 ,64.7535 ,-0.0268 ,0.1426 ,1.8994 ,-0.0073 
000019,2003/12/31,-49.2211 ,62.0666 ,-0.7930 ,0.1384 ,1.6974 ,-0.1864 
000019,2002/12/31,10.8157 ,80.2028 ,0.1349 ,0.1891 ,1.5362 ,0.0392 
000019,2001/12/31,10.4610 ,89.0429 ,0.1175 ,0.2211 ,1.5606 ,0.0405 
000019,2000/12/31,2.8177 ,94.8070 ,0.0297 ,0.2154 ,1.6235 ,0.0104 
000019,1999/12/31,30.1432 ,104.7195 ,0.2878 ,0.2263 ,1.5790 ,0.1028 
000019,1998/12/31,32.9032 ,131.1458 ,0.2509 ,0.2950 ,1.5399 ,0.1140 
000019,1997/12/31,30.1840 ,118.6695 ,0.2544 ,0.2760 ,1.5657 ,0.1099 
000019,1996/12/31,42.9626 ,112.8706 ,0.3806 ,0.2615 ,1.6804 ,0.1673 
000019,1995/12/31,5.6988 ,269.7296 ,0.0211 ,0.6190 ,1.8739 ,0.0245 
000019,1994/12/31,-4.0125 ,261.9436 ,-0.0153 ,0.6099 ,1.8866 ,-0.0176 
000019,1993/12/31,27.7429 ,367.1670 ,0.0756 ,0.9755 ,1.6635 ,0.1226 
000019,1992/12/31,21.2832 ,282.3749 ,0.0754 ,0.2388 ,2.5470 ,0.0458 
000557,2017/12/31,86.9915 ,659.6441 ,0.1319 ,0.1307 ,1.2679 ,0.0219 
000557,2016/12/31,8.2633 ,463.1259 ,0.0178 ,0.1743 ,1.3087 ,0.0041 
000557,2015/12/31,-17.1070 ,18.2809 ,-0.9358 ,0.0676 ,2.0409 ,-0.1291 
000557,2014/12/31,1.0586 ,8.3860 ,0.1262 ,0.0295 ,2.0241 ,0.0075 
000557,2013/12/31,3.5334 ,10.6944 ,0.3304 ,0.0368 ,2.0996 ,0.0256 
000557,2012/12/31,365.4302 ,3.7649 ,97.0613 ,0.0191 ,-1.0528 ,-1.9504 
000557,2011/12/31,-231.1973 ,0.0000 ,,0.0000 ,-0.2926 ,
000557,2010/12/31,-91.9530 ,0.0000 ,,0.0000 ,-0.7018 ,
000557,2009/12/31,184.4797 ,4.1038 ,44.9536 ,0.0147 ,-0.6109 ,-0.4030 
000557,2008/12/31,-269.0982 ,31.9043 ,-8.4345 ,0.0865 ,-0.6338 ,0.4623 
000557,2007/12/31,17.6301 ,30.9716 ,0.5692 ,0.0804 ,-0.8444 ,-0.0386 
000557,2006/12/31,-51.0006 ,18.8783 ,-2.7016 ,0.0428 ,-0.6556 ,0.0758 
000557,2005/12/31,5.7294 ,40.8900 ,0.1401 ,0.0809 ,-0.5597 ,-0.0063 
000557,2004/12/31,-346.4414 ,16.0160 ,-21.6310 ,0.0285 ,-0.7571 ,0.4674 
000557,2003/12/31,-62.0905 ,9.7186 ,-6.3888 ,0.0153 ,-1.2256 ,0.1198 
000557,2002/12/31,12.5934 ,33.0638 ,0.3809 ,0.0464 ,-1.4332 ,-0.0253 
000557,2001/12/31,-382.5957 ,27.1131 ,-14.1111 ,0.0171 ,54.7722 ,-13.2203 
000557,2000/12/31,-152.7816 ,154.8668 ,-0.9865 ,0.0641 ,2.8453 ,-0.1800 
000557,1999/12/31,123.2613 ,526.8092 ,0.2340 ,0.2612 ,2.1622 ,0.1321 
000557,1998/12/31,170.2835 ,610.4260 ,0.2790 ,0.4619 ,2.0914 ,0.2695 
000557,1997/12/31,49.2462 ,324.5926 ,0.1517 ,0.3465 ,2.1319 ,0.1121 
000557,1996/12/31,47.3724 ,430.8264 ,0.1100 ,0.6116 ,2.1208 ,0.1426 
000557,1995/12/31,27.4730 ,227.9435 ,0.1205 ,0.4700 ,1.7880 ,0.1013 
000557,1994/12/31,23.8456 ,119.2104 ,0.2000 ,0.4020 ,1.9390 ,0.1559 
000568,2017/12/31,2602.0243 ,10394.8675 ,0.2503 ,0.6165 ,1.2765 ,0.1970 
000568,2016/12/31,1949.6968 ,8303.9968 ,0.2348 ,0.6118 ,1.2646 ,0.1817 
000568,2015/12/31,1550.7235 ,6900.1569 ,0.2247 ,0.5237 ,1.3074 ,0.1539 
000568,2014/12/31,976.0660 ,5353.4422 ,0.1823 ,0.3979 ,1.3169 ,0.0955 
000568,2013/12/31,3537.5177 ,10431.1247 ,0.3391 ,0.7118 ,1.4360 ,0.3467 
000568,2012/12/31,4542.5213 ,11556.3539 ,0.3931 ,0.8240 ,1.6504 ,0.5345 
000568,2011/12/31,3055.5995 ,8427.9100 ,0.3626 ,0.8221 ,1.6034 ,0.4779 
000568,2010/12/31,2280.7040 ,5370.8718 ,0.4246 ,0.7668 ,1.4256 ,0.4642 
000568,2009/12/31,1691.4634 ,4370.4225 ,0.3870 ,0.7892 ,1.4278 ,0.4361 
000568,2008/12/31,1267.0382 ,3798.3787 ,0.3336 ,0.7926 ,1.5451 ,0.4085 
000568,2007/12/31,771.8426 ,2926.8545 ,0.2637 ,0.7404 ,1.6077 ,0.3139 
000568,2006/12/31,334.2425 ,1897.2055 ,0.1762 ,0.6257 ,1.6111 ,0.1776 
000568,2005/12/31,44.0487 ,1467.0424 ,0.0300 ,0.5690 ,1.6582 ,0.0283 
000568,2004/12/31,39.0924 ,1288.4662 ,0.0303 ,0.5001 ,1.6820 ,0.0255 
000568,2003/12/31,39.2125 ,1186.2415 ,0.0331 ,0.4640 ,1.6855 ,0.0258 
000568,2002/12/31,30.9488 ,1053.2771 ,0.0294 ,0.4559 ,1.6409 ,0.0220 
000568,2001/12/31,71.3817 ,995.3612 ,0.0717 ,0.4761 ,1.6009 ,0.0547 
000568,2000/12/31,163.8556 ,943.0969 ,0.1737 ,0.4898 ,1.5465 ,0.1316 
000568,1999/12/31,127.5929 ,1008.4326 ,0.1265 ,0.5595 ,1.4266 ,0.1010 
000568,1998/12/31,170.3760 ,828.3865 ,0.2057 ,0.5286 ,1.4419 ,0.1568 
000568,1997/12/31,318.7350 ,1070.9956 ,0.2976 ,0.8862 ,1.6899 ,0.4457 
000568,1996/12/31,244.6859 ,964.7020 ,0.2536 ,1.0040 ,1.7236 ,0.4389 
000568,1995/12/31,211.0940 ,719.0311 ,0.2936 ,0.9311 ,1.5920 ,0.4352 
000568,1994/12/31,104.6042 ,319.2507 ,0.3277 ,0.5361 ,1.6950 ,0.2978 
000568,1993/12/31,58.8913 ,225.1741 ,0.2615 ,0.5066 ,2.0341 ,0.2695 
000568,1992/12/31,71.4495 ,216.1580 ,0.3305 ,0.6623 ,1.8841 ,0.4125 
000596,2017/12/31,1185.2317 ,6968.3250 ,0.1701 ,0.7378 ,1.4778 ,0.1855 
000596,2016/12/31,850.3181 ,6017.1437 ,0.1413 ,0.7560 ,1.4775 ,0.1578 
000596,2015/12/31,715.5784 ,5253.4115 ,0.1362 ,0.7727 ,1.5083 ,0.1588 
000596,2014/12/31,597.0419 ,4650.8559 ,0.1284 ,0.7605 ,1.5435 ,0.1507 
000596,2013/12/31,622.0049 ,4580.5757 ,0.1358 ,0.8235 ,1.5629 ,0.1748 
000596,2012/12/31,725.5893 ,4197.0573 ,0.1729 ,0.8790 ,1.5562 ,0.2365 
000596,2011/12/31,566.3903 ,3307.9792 ,0.1712 ,1.0846 ,1.6007 ,0.2973 
000596,2010/12/31,313.7576 ,1879.1555 ,0.1670 ,1.1744 ,1.7229 ,0.3378 
000596,2009/12/31,140.0534 ,1341.4263 ,0.1044 ,0.9375 ,1.6923 ,0.1656 
000596,2008/12/31,34.4744 ,1378.9016 ,0.0250 ,0.9497 ,1.6768 ,0.0398 
000596,2007/12/31,33.8207 ,1201.3566 ,0.0282 ,0.8709 ,1.6485 ,0.0404 
000596,2006/12/31,13.1456 ,923.3756 ,0.0142 ,0.6814 ,1.6575 ,0.0161 
000596,2005/12/31,5.0046 ,653.8386 ,0.0077 ,0.4870 ,1.6619 ,0.0062 
000596,2004/12/31,-263.7257 ,600.7815 ,-0.4390 ,0.4129 ,1.5279 ,-0.2769 
000596,2003/12/31,-43.9398 ,557.9077 ,-0.0788 ,0.3568 ,1.3678 ,-0.0384 
000596,2002/12/31,59.2811 ,526.5578 ,0.1126 ,0.3409 ,1.3139 ,0.0504 
000596,2001/12/31,66.8160 ,806.9018 ,0.0828 ,0.5189 ,1.3477 ,0.0579 
000596,2000/12/31,146.8120 ,915.2043 ,0.1604 ,0.5845 ,1.4280 ,0.1339 
000596,1999/12/31,144.9366 ,891.3730 ,0.1626 ,0.5755 ,1.5336 ,0.1435 
000596,1998/12/31,139.7752 ,868.4550 ,0.1609 ,0.5705 ,1.6332 ,0.1500 
000596,1997/12/31,190.1608 ,959.8790 ,0.1981 ,0.6573 ,1.7395 ,0.2265 
000596,1996/12/31,67.9463 ,381.4895 ,0.1781 ,0.3759 ,1.8430 ,0.1234 
000596,1995/12/31,147.0490 ,770.9401 ,0.1907 ,1.4390 ,1.7172 ,0.4713 
000596,1994/12/31,112.9612 ,578.0768 ,0.1954 ,1.3015 ,1.6243 ,0.4131 
000729,2017/12/31,172.5129 ,11195.5815 ,0.0154 ,0.6159 ,1.3289 ,0.0126 
000729,2016/12/31,318.8479 ,11573.1955 ,0.0276 ,0.6342 ,1.3333 ,0.0233 
000729,2015/12/31,627.4407 ,12538.2670 ,0.0500 ,0.6746 ,1.3731 ,0.0464 
000729,2014/12/31,791.6342 ,13503.7541 ,0.0586 ,0.7138 ,1.4376 ,0.0602 
000729,2013/12/31,781.2583 ,13748.3839 ,0.0568 ,0.7406 ,1.5491 ,0.0652 
000729,2012/12/31,653.7199 ,13033.3465 ,0.0502 ,0.7468 ,1.6490 ,0.0618 
000729,2011/12/31,917.3443 ,12136.8366 ,0.0756 ,0.7743 ,1.5956 ,0.0934 
000729,2010/12/31,868.2522 ,10298.3914 ,0.0843 ,0.7765 ,1.4614 ,0.0957 
000729,2009/12/31,752.3092 ,9490.1184 ,0.0793 ,0.8086 ,1.4029 ,0.0899 
000729,2008/12/31,540.8434 ,8246.4834 ,0.0656 ,0.7329 ,1.5354 ,0.0738 
000729,2007/12/31,493.3431 ,7436.2246 ,0.0663 ,0.7565 ,1.5328 ,0.0769 
000729,2006/12/31,370.7811 ,6166.4831 ,0.0601 ,0.7368 ,1.4298 ,0.0633 
000729,2005/12/31,330.7865 ,5348.3032 ,0.0618 ,0.6974 ,1.4336 ,0.0618 
000729,2004/12/31,339.1373 ,4701.8546 ,0.0721 ,0.7026 ,1.3856 ,0.0702 
000729,2003/12/31,268.0467 ,3448.8978 ,0.0777 ,0.5986 ,1.3625 ,0.0634 
000729,2002/12/31,199.8697 ,2792.4350 ,0.0716 ,0.5636 ,1.2563 ,0.0507 
000729,2001/12/31,284.2081 ,2295.9905 ,0.1238 ,0.5440 ,1.1339 ,0.0764 
000729,2000/12/31,263.0766 ,1749.3487 ,0.1504 ,0.5326 ,1.0914 ,0.0874 
000729,1999/12/31,292.8522 ,1519.5959 ,0.1927 ,0.6170 ,1.0672 ,0.1269 
000729,1998/12/31,282.2713 ,1331.5666 ,0.2120 ,0.6703 ,1.2003 ,0.1706 
000729,1997/12/31,186.9392 ,1177.0192 ,0.1588 ,0.9968 ,1.6508 ,0.2613 
000729,1996/12/31,143.4533 ,939.3342 ,0.1527 ,1.2330 ,3.2947 ,0.6204 
000729,1995/12/31,119.3063 ,514.6687 ,0.2318 ,0.9858 ,4.1281 ,0.9434 
000752,2017/12/31,44.7595 ,361.5520 ,0.1238 ,0.2519 ,1.2105 ,0.0378 
000752,2016/12/31,39.7905 ,357.4529 ,0.1113 ,0.2531 ,1.1275 ,0.0318 
000752,2015/12/31,56.7485 ,390.8270 ,0.1452 ,0.2790 ,1.1555 ,0.0468 
000752,2014/12/31,70.8889 ,398.9771 ,0.1777 ,0.2920 ,1.1814 ,0.0613 
000752,2013/12/31,176.5223 ,450.1700 ,0.3921 ,0.3596 ,1.1822 ,0.1667 
000752,2012/12/31,68.1575 ,475.1936 ,0.1434 ,0.4194 ,1.1613 ,0.0699 
000752,2011/12/31,81.5318 ,441.0049 ,0.1849 ,0.3824 ,1.2514 ,0.0885 
000752,2010/12/31,55.5671 ,415.5096 ,0.1337 ,0.3529 ,1.3604 ,0.0642 
000752,2009/12/31,66.0132 ,363.7465 ,0.1815 ,0.3247 ,1.3687 ,0.0807 
000752,2008/12/31,52.0217 ,282.1688 ,0.1844 ,0.2808 ,1.3185 ,0.0683 
000752,2007/12/31,43.1908 ,244.5123 ,0.1766 ,0.2476 ,1.3298 ,0.0582 
000752,2006/12/31,38.2384 ,193.8450 ,0.1973 ,0.1964 ,1.3505 ,0.0523 
000752,2005/12/31,55.3479 ,230.0597 ,0.2406 ,0.2574 ,1.3049 ,0.0808 
000752,2004/12/31,46.0672 ,188.7327 ,0.2441 ,0.2479 ,1.4142 ,0.0856 
000752,2003/12/31,38.0668 ,164.1390 ,0.2319 ,0.2475 ,1.6460 ,0.0945 
000752,2002/12/31,36.8842 ,163.0324 ,0.2262 ,0.2311 ,1.6960 ,0.0887 
000752,2001/12/31,31.0550 ,143.7411 ,0.2160 ,0.2320 ,1.6144 ,0.0809 
000752,2000/12/31,26.3225 ,106.3801 ,0.2474 ,0.2426 ,1.5728 ,0.0944 
000752,1999/12/31,48.9749 ,124.1944 ,0.3943 ,0.3616 ,1.6251 ,0.2317 
000752,1998/12/31,26.5588 ,58.5615 ,0.4535 ,0.2344 ,1.4344 ,0.1525 
000752,1997/12/31,18.7151 ,52.8016 ,0.3544 ,0.3307 ,1.1514 ,0.1350 
000752,1996/12/31,15.2243 ,26.3700 ,0.5773 ,0.3099 ,1.0000 ,0.1789 
000752,1995/12/31,2.9265 ,11.8760 ,0.2464 ,0.2592 ,1.0000 ,0.0639 
000799,2017/12/31,174.1642 ,878.3314 ,0.1983 ,0.3583 ,1.2699 ,0.0902 
000799,2016/12/31,97.0223 ,654.8506 ,0.1482 ,0.2822 ,1.2849 ,0.0537 
000799,2015/12/31,74.2267 ,601.2245 ,0.1235 ,0.2740 ,1.2750 ,0.0431 
000799,2014/12/31,-103.6620 ,388.4824 ,-0.2668 ,0.1814 ,1.2344 ,-0.0597 
000799,2013/12/31,-38.7972 ,684.6316 ,-0.0567 ,0.2901 ,1.2833 ,-0.0211 
000799,2012/12/31,494.6642 ,1652.1310 ,0.2994 ,0.7043 ,1.4379 ,0.3032 
000799,2011/12/31,192.6187 ,961.8300 ,0.2003 ,0.5593 ,1.6162 ,0.1810 
000799,2010/12/31,78.7714 ,560.4873 ,0.1405 ,0.4461 ,1.7516 ,0.1098 
000799,2009/12/31,58.2629 ,364.9029 ,0.1597 ,0.3061 ,1.8384 ,0.0899 
000799,2008/12/31,41.1385 ,326.5092 ,0.1260 ,0.2635 ,2.0734 ,0.0688 
000799,2007/12/31,62.4610 ,211.3411 ,0.2955 ,0.1610 ,2.3726 ,0.1129 
000799,2006/12/31,-233.7875 ,201.6438 ,-1.1594 ,0.1272 ,2.3624 ,-0.3484 
000799,2005/12/31,-280.0097 ,357.2407 ,-0.7838 ,0.1854 ,2.0054 ,-0.2914 
000799,2004/12/31,34.2996 ,484.0379 ,0.0709 ,0.2435 ,1.8605 ,0.0321 
000799,2003/12/31,-94.9918 ,351.0636 ,-0.2706 ,0.1647 ,1.9694 ,-0.0878 
000799,2002/12/31,-150.0853 ,385.7339 ,-0.3891 ,0.1739 ,1.8302 ,-0.1239 
000799,2001/12/31,88.9851 ,494.0020 ,0.1801 ,0.2498 ,1.5335 ,0.0690 
000799,2000/12/31,59.4585 ,371.8487 ,0.1599 ,0.2123 ,1.3483 ,0.0458 
000799,1999/12/31,155.0883 ,499.1426 ,0.3107 ,0.3408 ,1.2915 ,0.1368 
000799,1998/12/31,196.5208 ,499.3276 ,0.3936 ,0.4643 ,1.2427 ,0.2271 
000799,1997/12/31,159.9686 ,445.0855 ,0.3594 ,0.6709 ,1.3944 ,0.3362 
000799,1996/12/31,93.7991 ,348.9884 ,0.2688 ,1.0209 ,2.5201 ,0.6915 
000799,1995/12/31,68.4674 ,212.8194 ,0.3217 ,1.0695 ,2.9619 ,1.0192 
000848,2017/12/31,418.1352 ,2111.8733 ,0.1980 ,0.7149 ,1.4625 ,0.2070 
000848,2016/12/31,455.7239 ,2520.8976 ,0.1808 ,0.9023 ,1.5070 ,0.2458 
000848,2015/12/31,468.5823 ,2706.2381 ,0.1731 ,1.2465 ,1.4279 ,0.3082 
000848,2014/12/31,450.0979 ,2702.7916 ,0.1665 ,1.4507 ,1.5667 ,0.3785 
000848,2013/12/31,343.5163 ,2632.5554 ,0.1305 ,1.5383 ,1.8400 ,0.3693 
000848,2012/12/31,227.6523 ,2137.8251 ,0.1065 ,1.4042 ,1.9057 ,0.2850 
000848,2011/12/31,194.5369 ,1937.3093 ,0.1004 ,1.3512 ,1.8614 ,0.2526 
000848,2010/12/31,178.8485 ,1816.4385 ,0.0985 ,1.4607 ,1.7410 ,0.2504 
000848,2009/12/31,141.4469 ,1328.6804 ,0.1065 ,1.2468 ,1.6824 ,0.2233 
000848,2008/12/31,116.0510 ,1516.7928 ,0.0765 ,1.4601 ,1.7515 ,0.1957 
000848,2007/12/31,91.8235 ,1394.1188 ,0.0659 ,1.2999 ,1.9604 ,0.1678 
000848,2006/12/31,75.4461 ,1103.3477 ,0.0684 ,0.9823 ,1.7759 ,0.1193 
000848,2005/12/31,48.8895 ,1187.5857 ,0.0412 ,1.0406 ,1.5049 ,0.0645 
000848,2004/12/31,41.5829 ,959.5265 ,0.0433 ,0.8483 ,1.4739 ,0.0542 
000848,2003/12/31,35.3558 ,1048.9302 ,0.0337 ,0.9295 ,1.4901 ,0.0467 
000848,2002/12/31,50.4688 ,1075.3924 ,0.0469 ,0.9464 ,1.6127 ,0.0716 
000848,2001/12/31,97.8270 ,998.3111 ,0.0980 ,0.9823 ,1.4488 ,0.1395 
000848,2000/12/31,53.4022 ,823.8758 ,0.0648 ,1.1829 ,1.2155 ,0.0932 
000848,1999/12/31,101.5213 ,739.8388 ,0.1372 ,1.4706 ,1.3929 ,0.2811 
000848,1998/12/31,71.6212 ,560.0356 ,0.1279 ,1.2740 ,1.4394 ,0.2345 
000848,1997/12/31,54.7173 ,530.3767 ,0.1032 ,1.7383 ,1.5093 ,0.2707 
000848,1996/12/31,42.1241 ,276.2880 ,0.1525 ,1.4084 ,2.4398 ,0.5239 
000848,1995/12/31,31.2655 ,184.7161 ,0.1693 ,1.1924 ,2.9923 ,0.6039 
000858,2017/12/31,10085.9692 ,30186.7804 ,0.3341 ,0.4536 ,1.2937 ,0.1961 
000858,2016/12/31,7056.7656 ,24543.7927 ,0.2875 ,0.4279 ,1.2395 ,0.1525 
000858,2015/12/31,6410.4843 ,21659.2874 ,0.2960 ,0.4378 ,1.1686 ,0.1514 
000858,2014/12/31,6058.2150 ,21011.4915 ,0.2883 ,0.4641 ,1.1705 ,0.1566 
000858,2013/12/31,8322.2154 ,24718.5886 ,0.3367 ,0.5531 ,1.3040 ,0.2428 
000858,2012/12/31,10335.7337 ,27201.0460 ,0.3800 ,0.6622 ,1.4946 ,0.3761 
000858,2011/12/31,6394.3772 ,20350.5945 ,0.3142 ,0.6206 ,1.5684 ,0.3059 
000858,2010/12/31,4562.0568 ,15541.3005 ,0.2935 ,0.6276 ,1.5031 ,0.2769 
000858,2009/12/31,3466.6684 ,11129.2205 ,0.3115 ,0.6481 ,1.3191 ,0.2663 
000858,2008/12/31,1829.6999 ,7933.0687 ,0.2306 ,0.6329 ,1.1891 ,0.1736 
000858,2007/12/31,1472.7841 ,7328.5558 ,0.2010 ,0.6691 ,1.2223 ,0.1644 
000858,2006/12/31,1179.3400 ,7389.5440 ,0.1596 ,0.7409 ,1.2721 ,0.1504 
000858,2005/12/31,799.0071 ,6424.4444 ,0.1244 ,0.6974 ,1.3186 ,0.1144 
000858,2004/12/31,829.7597 ,6301.4419 ,0.1317 ,0.7382 ,1.3536 ,0.1316 
000858,2003/12/31,703.7927 ,6336.7945 ,0.1111 ,0.8164 ,1.3680 ,0.1240 
000858,2002/12/31,618.9847 ,5710.3504 ,0.1084 ,0.8187 ,1.3916 ,0.1235 
000858,2001/12/31,816.3165 ,4744.2820 ,0.1721 ,0.8405 ,1.4301 ,0.2068 
000858,2000/12/31,768.2168 ,3956.6432 ,0.1942 ,0.9288 ,1.5182 ,0.2738 
000858,1999/12/31,649.0220 ,3311.4349 ,0.1960 ,0.9941 ,1.5917 ,0.3101 
000858,1998/12/31,553.2911 ,2814.3819 ,0.1966 ,1.4439 ,1.8069 ,0.5129 
000858,1997/12/31,341.2984 ,2204.6112 ,0.1548 ,2.1713 ,3.0892 ,1.0384 
000858,1996/12/31,259.9393 ,1310.0214 ,0.1984 ,1.6037 ,3.3279 ,1.0590 
000860,2017/12/31,442.3882 ,11733.8432 ,0.0377 ,0.6474 ,2.5986 ,0.0634 
000860,2016/12/31,424.6778 ,11197.2291 ,0.0379 ,0.6639 ,2.7368 ,0.0689 
000860,2015/12/31,383.2803 ,9637.4234 ,0.0398 ,0.6131 ,2.9413 ,0.0717 
000860,2014/12/31,364.7526 ,9480.6641 ,0.0385 ,0.6464 ,3.5080 ,0.0872 
000860,2013/12/31,204.6924 ,9072.3554 ,0.0226 ,0.6907 ,4.2629 ,0.0664 
000860,2012/12/31,130.6010 ,8341.9547 ,0.0157 ,0.7314 ,3.8150 ,0.0437 
000860,2011/12/31,321.6141 ,7580.2065 ,0.0424 ,0.7482 ,3.4996 ,0.1111 
000860,2010/12/31,281.8031 ,6268.4011 ,0.0450 ,0.6982 ,3.3614 ,0.1055 
000860,2009/12/31,183.3782 ,6087.1110 ,0.0301 ,0.8341 ,2.9556 ,0.0743 
000860,2008/12/31,242.2546 ,5175.5172 ,0.0468 ,0.9661 ,2.3206 ,0.1049 
000860,2007/12/31,165.5731 ,4521.1320 ,0.0366 ,1.1741 ,2.0030 ,0.0861 
000860,2006/12/31,106.5746 ,3213.8504 ,0.0332 ,0.9616 ,2.0520 ,0.0654 
000860,2005/12/31,101.4769 ,2912.2720 ,0.0348 ,1.0669 ,1.7184 ,0.0639 
000860,2004/12/31,102.5861 ,2174.7732 ,0.0472 ,1.0185 ,1.4777 ,0.0710 
000860,2003/12/31,89.1571 ,1331.4281 ,0.0670 ,0.7497 ,1.3934 ,0.0700 
000860,2002/12/31,76.3240 ,1042.6998 ,0.0732 ,0.6885 ,1.3061 ,0.0658 
000860,2001/12/31,71.3117 ,792.6091 ,0.0900 ,0.6462 ,1.2429 ,0.0723 
000860,2000/12/31,49.8227 ,682.2088 ,0.0730 ,0.6609 ,1.1857 ,0.0572 
000860,1999/12/31,83.0382 ,643.4378 ,0.1291 ,0.5893 ,1.2905 ,0.0981 
000860,1998/12/31,95.2360 ,734.0977 ,0.1297 ,0.7963 ,1.5635 ,0.1615 
000860,1997/12/31,68.9473 ,899.3751 ,0.0767 ,1.3190 ,1.9577 ,0.1980 
000860,1996/12/31,80.9778 ,896.4161 ,0.0903 ,1.4074 ,2.2056 ,0.2804 
000869,2017/12/31,1033.7935 ,4932.5452 ,0.2096 ,0.4099 ,1.3691 ,0.1176 
000869,2016/12/31,980.5894 ,4717.5965 ,0.2079 ,0.4314 ,1.3538 ,0.1214 
000869,2015/12/31,1030.2756 ,4649.7224 ,0.2216 ,0.4829 ,1.3047 ,0.1396 
000869,2014/12/31,977.7077 ,4156.7275 ,0.2352 ,0.4915 ,1.2647 ,0.1462 
000869,2013/12/31,1048.1859 ,4320.9486 ,0.2426 ,0.5359 ,1.2972 ,0.1686 
000869,2012/12/31,1700.9281 ,5643.5306 ,0.3014 ,0.7320 ,1.3755 ,0.3035 
000869,2011/12/31,1907.2087 ,6027.5492 ,0.3164 ,0.9078 ,1.4519 ,0.4171 
000869,2010/12/31,1454.2002 ,4982.9434 ,0.2918 ,0.8782 ,1.5825 ,0.4056 
000869,2009/12/31,1135.9855 ,4199.4034 ,0.2705 ,0.8911 ,1.6240 ,0.3915 
000869,2008/12/31,894.5065 ,3453.4423 ,0.2590 ,0.9446 ,1.4792 ,0.3619 
000869,2007/12/31,638.8946 ,2730.1661 ,0.2340 ,0.9130 ,1.3661 ,0.2919 
000869,2006/12/31,446.8659 ,2164.2267 ,0.2065 ,0.8526 ,1.2850 ,0.2262 
000869,2005/12/31,313.3852 ,1806.7229 ,0.1735 ,0.8006 ,1.2316 ,0.1710 
000869,2004/12/31,204.5206 ,1339.9746 ,0.1526 ,0.6510 ,1.2208 ,0.1213 
000869,2003/12/31,151.6348 ,1134.1657 ,0.1337 ,0.5985 ,1.2264 ,0.0981 
000869,2002/12/31,112.0839 ,929.2445 ,0.1206 ,0.5307 ,1.2272 ,0.0786 
000869,2001/12/31,171.6565 ,888.9497 ,0.1931 ,0.5430 ,1.2544 ,0.1315 
000869,2000/12/31,127.4803 ,873.6180 ,0.1459 ,0.7185 ,1.3325 ,0.1397 
000869,1999/12/31,92.3216 ,629.9270 ,0.1466 ,0.8127 ,1.4247 ,0.1697 
000869,1998/12/31,79.4887 ,568.4940 ,0.1398 ,0.7669 ,1.4562 ,0.1561 
000869,1997/12/31,61.1747 ,392.0627 ,0.1560 ,0.6482 ,1.7472 ,0.1767 
000869,1996/12/31,40.4440 ,315.3010 ,0.1283 ,0.7740 ,2.9060 ,0.2885 
000869,1995/12/31,27.8400 ,299.8580 ,0.0928 ,0.9220 ,3.6876 ,0.3157 
000929,2017/12/31,12.6406 ,596.1180 ,0.0212 ,0.3990 ,1.2934 ,0.0109 
000929,2016/12/31,-25.6217 ,677.4692 ,-0.0378 ,0.4350 ,1.3339 ,-0.0219 
000929,2015/12/31,78.1158 ,701.8720 ,0.1113 ,0.4498 ,1.3667 ,0.0684 
000929,2014/12/31,106.2589 ,795.7143 ,0.1335 ,0.5364 ,1.3993 ,0.1002 
000929,2013/12/31,46.4491 ,887.6783 ,0.0523 ,0.6271 ,1.4240 ,0.0467 
000929,2012/12/31,44.8607 ,816.4400 ,0.0549 ,0.6163 ,1.4007 ,0.0474 
000929,2011/12/31,-7.2012 ,769.3750 ,-0.0094 ,0.5802 ,1.4310 ,-0.0078 
000929,2010/12/31,131.6852 ,770.8992 ,0.1708 ,0.5918 ,1.5183 ,0.1535 
000929,2009/12/31,66.9594 ,851.4377 ,0.0786 ,0.7207 ,1.5574 ,0.0883 
000929,2008/12/31,60.2070 ,1008.8390 ,0.0597 ,0.7998 ,1.7846 ,0.0852 
000929,2007/12/31,35.9620 ,817.9622 ,0.0440 ,0.6223 ,2.0342 ,0.0557 
000929,2006/12/31,46.5922 ,756.7296 ,0.0616 ,0.6213 ,2.1063 ,0.0806 
000929,2005/12/31,34.0051 ,626.9080 ,0.0542 ,0.5843 ,2.1842 ,0.0692 
000929,2004/12/31,14.9977 ,440.4887 ,0.0340 ,0.4930 ,2.2848 ,0.0384 
000929,2003/12/31,-15.8524 ,253.2313 ,-0.0626 ,0.3240 ,2.2318 ,-0.0453 
000929,2002/12/31,1.3509 ,178.9120 ,0.0076 ,0.2339 ,2.1540 ,0.0038 
000929,2001/12/31,-172.7593 ,156.2386 ,-1.1057 ,0.1824 ,1.9785 ,-0.3991 
000929,2000/12/31,2.0968 ,186.9709 ,0.0112 ,0.1800 ,1.9007 ,0.0038 
000929,1999/12/31,43.5769 ,264.3617 ,0.1648 ,0.2948 ,2.1446 ,0.1042 
000929,1998/12/31,56.2856 ,386.0409 ,0.1458 ,0.6677 ,2.6379 ,0.2568 
000929,1997/12/31,48.5754 ,363.0656 ,0.1338 ,0.8147 ,2.7669 ,0.3016 
000995,2017/12/31,-187.6303 ,47.6051 ,-3.9414 ,0.1477 ,-6.5944 ,3.8384 
000995,2016/12/31,-126.6775 ,177.8281 ,-0.7124 ,0.3829 ,5.5153 ,-1.5045 
000995,2015/12/31,1.3441 ,104.5199 ,0.0129 ,0.2025 ,4.2811 ,0.0112 
000995,2014/12/31,-39.2885 ,57.2682 ,-0.6860 ,0.1188 ,3.5126 ,-0.2862 
000995,2013/12/31,-29.3053 ,107.8851 ,-0.2716 ,0.2355 ,2.6707 ,-0.1708 
000995,2012/12/31,10.0555 ,133.9263 ,0.0751 ,0.3038 ,2.4263 ,0.0553 
000995,2011/12/31,4.3896 ,104.7712 ,0.0419 ,0.2444 ,2.4313 ,0.0249 
000995,2010/12/31,-60.2878 ,64.3785 ,-0.9365 ,0.1433 ,2.1862 ,-0.2935 
000995,2009/12/31,6.4291 ,78.7546 ,0.0816 ,0.1514 ,2.1169 ,0.0262 
000995,2008/12/31,-59.1562 ,85.0445 ,-0.6956 ,0.1431 ,2.0813 ,-0.2071 
000995,2007/12/31,-51.0300 ,93.4175 ,-0.5463 ,0.1477 ,1.8931 ,-0.1527 
000995,2006/12/31,1.7739 ,111.5316 ,0.0159 ,0.1823 ,1.7358 ,0.0050 
000995,2005/12/31,5.4287 ,84.2027 ,0.0645 ,0.1521 ,1.5868 ,0.0156 
000995,2004/12/31,10.0857 ,83.6199 ,0.1206 ,0.1562 ,1.5669 ,0.0295 
000995,2003/12/31,-117.3544 ,51.3689 ,-2.2845 ,0.0857 ,1.5143 ,-0.2965 
000995,2002/12/31,-12.0613 ,107.4622 ,-0.1122 ,0.1617 ,1.4448 ,-0.0262 
000995,2001/12/31,2.9091 ,121.6930 ,0.0239 ,0.1830 ,1.4336 ,0.0063 
000995,2000/12/31,16.6085 ,162.1433 ,0.1024 ,0.3255 ,1.6271 ,0.0542 
000995,1999/12/31,27.7902 ,159.3314 ,0.1744 ,0.4840 ,2.3366 ,0.1973 
000995,1998/12/31,24.5176 ,133.0326 ,0.1843 ,0.4702 ,2.6895 ,0.2331 
002304,2017/12/31,6618.7861 ,19917.9422 ,0.3323 ,0.4854 ,1.4778 ,0.2384 
002304,2016/12/31,5804.9291 ,17183.1096 ,0.3378 ,0.4729 ,1.4836 ,0.2370 
002304,2015/12/31,5365.1993 ,16052.4441 ,0.3342 ,0.5127 ,1.4675 ,0.2515 
002304,2014/12/31,4508.0442 ,14672.2147 ,0.3073 ,0.5150 ,1.5347 ,0.2429 
002304,2013/12/31,5002.1533 ,15023.6249 ,0.3330 ,0.5792 ,1.6157 ,0.3116 
002304,2012/12/31,6151.9057 ,17270.4813 ,0.3562 ,0.8119 ,1.7280 ,0.4998 
002304,2011/12/31,4136.6082 ,12740.9217 ,0.3247 ,0.8392 ,1.7555 ,0.4783 
002304,2010/12/31,2298.6905 ,7619.0927 ,0.3017 ,0.8479 ,1.4416 ,0.3688 
002304,2009/12/31,1253.6131 ,4002.0485 ,0.3132 ,0.9228 ,1.3423 ,0.3880 
002304,2008/12/31,743.0575 ,2682.2037 ,0.2770 ,1.4689 ,1.7360 ,0.7064 
002304,2007/12/31,374.8511 ,1762.0150 ,0.2127 ,1.4062 ,2.2792 ,0.6818 
002387,2017/12/31,15.3303 ,31.7275 ,0.4832 ,0.0060 ,6.9334 ,0.0201 
002387,2016/12/31,26.1854 ,159.1576 ,0.1645 ,0.1232 ,1.7449 ,0.0354 
002387,2015/12/31,-641.5796 ,430.5078 ,-1.4903 ,0.2530 ,1.6209 ,-0.6113 
002387,2014/12/31,12.2887 ,583.3441 ,0.0211 ,0.2935 ,1.4535 ,0.0090 
002387,2013/12/31,14.5708 ,697.1563 ,0.0209 ,0.4126 ,1.2397 ,0.0107 
002387,2012/12/31,55.2741 ,762.8734 ,0.0725 ,0.5045 ,1.1291 ,0.0413 
002387,2011/12/31,102.8227 ,857.2049 ,0.1200 ,0.6120 ,1.1022 ,0.0809 
002387,2010/12/31,81.0075 ,639.5485 ,0.1267 ,0.6658 ,1.2743 ,0.1075 
002387,2009/12/31,67.2589 ,586.2148 ,0.1147 ,1.1356 ,2.0818 ,0.2712 
002387,2008/12/31,56.3334 ,501.9873 ,0.1122 ,1.2214 ,2.2076 ,0.3026 
002461,2017/12/31,198.0354 ,3763.6083 ,0.0526 ,0.4201 ,1.5491 ,0.0342 
002461,2016/12/31,127.3602 ,3542.9938 ,0.0359 ,0.5409 ,1.8692 ,0.0363 
002461,2015/12/31,97.2557 ,3516.9715 ,0.0277 ,0.5508 ,1.8792 ,0.0286 
002461,2014/12/31,69.7463 ,3523.7768 ,0.0198 ,0.5859 ,1.8033 ,0.0209 
002461,2013/12/31,46.4587 ,3349.1428 ,0.0139 ,0.5852 ,1.7395 ,0.0141 
002461,2012/12/31,53.7346 ,3474.8323 ,0.0155 ,0.6214 ,1.7264 ,0.0166 
002461,2011/12/31,49.8798 ,3562.6803 ,0.0140 ,0.6535 ,1.7042 ,0.0156 
002461,2010/12/31,91.4072 ,3052.8668 ,0.0299 ,0.6038 ,1.6776 ,0.0303 
002461,2009/12/31,88.3442 ,2827.8124 ,0.0312 ,0.5936 ,1.7049 ,0.0316 
002461,2008/12/31,61.3283 ,3227.2543 ,0.0190 ,0.6735 ,1.7614 ,0.0225 
002461,2007/12/31,230.7170 ,3733.1488 ,0.0618 ,0.9093 ,1.8709 ,0.1051 
002646,2017/12/31,-98.4180 ,1318.3620 ,-0.0747 ,0.4526 ,1.2234 ,-0.0413 
002646,2016/12/31,210.2448 ,1437.2048 ,0.1463 ,0.4884 ,1.2257 ,0.0876 
002646,2015/12/31,226.9256 ,1363.7350 ,0.1664 ,0.5220 ,1.1455 ,0.0995 
002646,2014/12/31,317.2600 ,1355.1421 ,0.2341 ,0.5546 ,1.1454 ,0.1487 
002646,2013/12/31,373.3868 ,1437.7272 ,0.2597 ,0.6339 ,1.1866 ,0.1953 
002646,2012/12/31,301.4457 ,1196.7922 ,0.2519 ,0.6061 ,1.1788 ,0.1799 
002646,2011/12/31,211.6321 ,841.7277 ,0.2514 ,0.6721 ,1.2379 ,0.2092 
002646,2010/12/31,135.5340 ,596.9238 ,0.2271 ,1.1640 ,1.6130 ,0.4263 
002646,2009/12/31,113.8464 ,427.7472 ,0.2662 ,1.5235 ,1.7613 ,0.7142 
600059,2017/12/31,164.6063 ,1637.3018 ,0.1005 ,0.3555 ,1.1609 ,0.0415 
600059,2016/12/31,121.5073 ,1535.2232 ,0.0791 ,0.3422 ,1.1607 ,0.0314 
600059,2015/12/31,133.6405 ,1375.9456 ,0.0971 ,0.3151 ,1.1579 ,0.0354 
600059,2014/12/31,185.9375 ,1337.9477 ,0.1390 ,0.3380 ,1.2658 ,0.0595 
600059,2013/12/31,145.0614 ,1467.9238 ,0.0988 ,0.4092 ,1.4482 ,0.0586 
600059,2012/12/31,192.3103 ,1421.7892 ,0.1353 ,0.4257 ,1.4170 ,0.0816 
600059,2011/12/31,171.3753 ,1245.5542 ,0.1376 ,0.4206 ,1.3504 ,0.0781 
600059,2010/12/31,126.4478 ,1079.2333 ,0.1172 ,0.4150 ,1.4995 ,0.0729 
600059,2009/12/31,77.8621 ,740.5710 ,0.1051 ,0.3524 ,1.5885 ,0.0589 
600059,2008/12/31,100.1886 ,747.8135 ,0.1340 ,0.4008 ,1.4847 ,0.0797 
600059,2007/12/31,102.7937 ,814.9173 ,0.1261 ,0.3782 ,1.7665 ,0.0843 
600059,2006/12/31,28.3285 ,735.3073 ,0.0385 ,0.3038 ,1.9780 ,0.0232 
600059,2005/12/31,18.5894 ,610.6928 ,0.0304 ,0.2596 ,1.8891 ,0.0149 
600059,2004/12/31,55.6039 ,566.3054 ,0.0982 ,0.2621 ,1.7220 ,0.0443 
600059,2003/12/31,62.5572 ,525.2503 ,0.1191 ,0.2668 ,1.6092 ,0.0511 
600059,2002/12/31,69.2623 ,486.7125 ,0.1423 ,0.2703 ,1.5230 ,0.0586 
600059,2001/12/31,68.5062 ,437.6733 ,0.1565 ,0.2778 ,1.5790 ,0.0687 
600059,2000/12/31,75.9594 ,391.5977 ,0.1940 ,0.3016 ,1.6738 ,0.0979 
600059,1999/12/31,82.4986 ,397.0566 ,0.2078 ,0.3706 ,1.7632 ,0.1358 
600059,1998/12/31,70.3681 ,391.2214 ,0.1799 ,0.4252 ,1.9507 ,0.1492 
600059,1997/12/31,68.1122 ,348.5262 ,0.1954 ,0.6053 ,2.0820 ,0.2463 
600059,1996/12/31,46.9787 ,304.9719 ,0.1540 ,1.1415 ,3.0643 ,0.5389 
600059,1995/12/31,30.4959 ,239.3693 ,0.1274 ,1.1117 ,2.9466 ,0.4173 
600084,2017/12/31,-90.4021 ,401.7353 ,-0.2250 ,0.1228 ,1.3674 ,-0.0378 
600084,2016/12/31,11.8665 ,264.6342 ,0.0448 ,0.0702 ,1.5573 ,0.0049 
600084,2015/12/31,27.6883 ,303.1408 ,0.0913 ,0.0769 ,1.6458 ,0.0116 
600084,2014/12/31,8.4080 ,523.4536 ,0.0161 ,0.1505 ,2.1173 ,0.0051 
600084,2013/12/31,8.8008 ,552.1416 ,0.0159 ,0.1903 ,3.2290 ,0.0098 
600084,2012/12/31,13.9338 ,619.0394 ,0.0225 ,0.2218 ,3.1455 ,0.0157 
600084,2011/12/31,-184.7414 ,537.0891 ,-0.3440 ,0.1823 ,3.0288 ,-0.1899 
600084,2010/12/31,90.4432 ,487.8710 ,0.1854 ,0.1513 ,3.0320 ,0.0850 
600084,2009/12/31,-232.7066 ,345.9296 ,-0.6727 ,0.1202 ,15.1458 ,-1.2246 
600084,2008/12/31,-313.4399 ,478.2439 ,-0.6554 ,0.1859 ,-4.8926 ,0.5960 
600084,2007/12/31,4.8887 ,645.1868 ,0.0076 ,0.2335 ,-7.4353 ,-0.0132 
600084,2006/12/31,-643.3538 ,368.9242 ,-1.7439 ,0.1116 ,58.5724 ,-11.3973 
600084,2005/12/31,-415.7977 ,1357.2267 ,-0.3064 ,0.3063 ,6.0958 ,-0.5721 
600084,2004/12/31,6.1568 ,1963.1256 ,0.0031 ,0.3756 ,5.5285 ,0.0065 
600084,2003/12/31,58.9373 ,2523.7448 ,0.0234 ,0.6405 ,4.4394 ,0.0664 
600084,2002/12/31,77.7364 ,1282.5529 ,0.0606 ,0.5823 ,2.8546 ,0.1008 
600084,2001/12/31,73.6831 ,860.2471 ,0.0857 ,0.4911 ,2.6321 ,0.1107 
600084,2000/12/31,88.7744 ,690.5383 ,0.1286 ,0.5277 ,2.1885 ,0.1485 
600084,1999/12/31,40.7696 ,498.2425 ,0.0818 ,0.5766 ,1.8225 ,0.0860 
600084,1998/12/31,51.2649 ,609.2568 ,0.0841 ,1.0029 ,1.6623 ,0.1403 
600084,1997/12/31,35.4154 ,507.7145 ,0.0698 ,1.4183 ,1.7947 ,0.1776 
600084,1996/12/31,29.5934 ,233.6264 ,0.1267 ,1.3802 ,3.1655 ,0.5534 
600084,1995/12/31,21.1881 ,80.8916 ,0.2619 ,0.6440 ,3.0050 ,0.5069 
600090,2017/12/31,581.0137 ,9855.3465 ,0.0590 ,1.3625 ,1.2096 ,0.0972 
600090,2016/12/31,551.2644 ,8996.5684 ,0.0613 ,2.0645 ,1.2904 ,0.1632 
600090,2015/12/31,64.2755 ,1204.9771 ,0.0533 ,0.8620 ,1.7377 ,0.0799 
600090,2014/12/31,94.7060 ,1132.1649 ,0.0837 ,0.8533 ,1.5517 ,0.1108 
600090,2013/12/31,192.0600 ,1307.2584 ,0.1469 ,1.0248 ,1.5318 ,0.2306 
600090,2012/12/31,105.8667 ,1252.4212 ,0.0845 ,1.0219 ,1.7923 ,0.1548 
600090,2011/12/31,124.1834 ,1132.5561 ,0.1096 ,1.0069 ,1.8865 ,0.2083 
600090,2010/12/31,113.3676 ,990.5201 ,0.1145 ,0.9329 ,1.9847 ,0.2119 
600090,2009/12/31,38.3262 ,986.4616 ,0.0389 ,0.9005 ,2.1404 ,0.0749 
600090,2008/12/31,130.5354 ,905.4411 ,0.1442 ,0.8770 ,2.1831 ,0.2760 
600090,2007/12/31,131.2260 ,805.5695 ,0.1629 ,0.8873 ,2.2905 ,0.3311 
600090,2006/12/31,97.9395 ,784.7702 ,0.1248 ,1.0040 ,5.7729 ,0.7234 
600090,2005/12/31,3.5062 ,198.5463 ,0.0177 ,0.2586 ,-1.3628 ,-0.0062 
600090,2004/12/31,-212.9793 ,251.5382 ,-0.8467 ,0.2628 ,-1.0090 ,0.2246 
600090,2003/12/31,-1267.2930 ,506.0451 ,-2.5043 ,0.3163 ,-17.2413 ,13.6584 
600090,2002/12/31,38.1563 ,727.4140 ,0.0525 ,0.3856 ,3.0367 ,0.0614 
600090,2001/12/31,76.1479 ,689.1719 ,0.1105 ,0.4891 ,2.6208 ,0.1416 
600090,2000/12/31,91.9460 ,628.3037 ,0.1463 ,0.7038 ,2.2173 ,0.2284 
600090,1999/12/31,37.7967 ,286.1084 ,0.1321 ,0.5008 ,2.0272 ,0.1341 
600090,1998/12/31,28.4622 ,204.9512 ,0.1389 ,0.4279 ,1.8969 ,0.1127 
600090,1997/12/31,41.0016 ,163.9770 ,0.2500 ,0.5616 ,1.8266 ,0.2565 
600090,1996/12/31,11.4908 ,95.5918 ,0.1202 ,0.7076 ,1.7849 ,0.1518 
600090,1995/12/31,8.2088 ,77.1294 ,0.1064 ,0.7700 ,1.6444 ,0.1347 
600132,2017/12/31,326.1223 ,3175.5195 ,0.1027 ,0.9242 ,2.8543 ,0.2709 
600132,2016/12/31,139.9412 ,3195.9215 ,0.0438 ,0.9019 ,2.8792 ,0.1137 
600132,2015/12/31,-153.5520 ,3323.7453 ,-0.0462 ,0.8694 ,2.8983 ,-0.1164 
600132,2014/12/31,-31.5022 ,3168.6054 ,-0.0099 ,0.7669 ,2.5671 ,-0.0196 
600132,2013/12/31,101.6763 ,3386.8474 ,0.0300 ,0.7529 ,2.4621 ,0.0557 
600132,2012/12/31,123.1831 ,3149.2688 ,0.0391 ,0.7642 ,2.4719 ,0.0739 
600132,2011/12/31,152.2359 ,2694.9450 ,0.0565 ,0.7552 ,2.3977 ,0.1023 
600132,2010/12/31,356.7284 ,2375.2907 ,0.1502 ,0.6938 ,2.4549 ,0.2558 
600132,2009/12/31,189.9716 ,2260.3763 ,0.0840 ,0.7043 ,2.6523 ,0.1570 
600132,2008/12/31,165.9914 ,2121.2246 ,0.0783 ,0.7665 ,2.6234 ,0.1574 
600132,2007/12/31,165.5466 ,1958.0872 ,0.0845 ,0.8784 ,2.3798 ,0.1767 
600132,2006/12/31,154.0985 ,1829.5529 ,0.0842 ,0.9110 ,2.4437 ,0.1875 
600132,2005/12/31,79.9393 ,1502.5284 ,0.0532 ,0.7778 ,2.5887 ,0.1071 
600132,2004/12/31,66.0442 ,1263.2350 ,0.0523 ,0.6834 ,2.5213 ,0.0901 
600132,2003/12/31,57.7530 ,948.5067 ,0.0609 ,0.5897 ,2.2812 ,0.0819 
600132,2002/12/31,44.8172 ,782.9251 ,0.0572 ,0.6037 ,1.9749 ,0.0682 
600132,2001/12/31,32.9158 ,472.1609 ,0.0697 ,0.3922 ,1.9215 ,0.0525 
600132,2000/12/31,40.4140 ,338.6667 ,0.1193 ,0.3181 ,1.6971 ,0.0644 
600132,1999/12/31,41.2863 ,305.8579 ,0.1350 ,0.3612 ,1.4412 ,0.0703 
600132,1998/12/31,64.3896 ,294.3295 ,0.2188 ,0.4188 ,1.3677 ,0.1253 
600132,1997/12/31,52.7692 ,226.1515 ,0.2333 ,0.4144 ,1.5336 ,0.1483 
600132,1996/12/31,49.0608 ,222.0284 ,0.2210 ,0.5198 ,2.0104 ,0.2309 
600132,1995/12/31,43.9374 ,190.2681 ,0.2309 ,0.4553 ,3.0570 ,0.3214 
600197,2017/12/31,356.8590 ,1918.8127 ,0.1860 ,0.6634 ,1.3870 ,0.1711 
600197,2016/12/31,277.3871 ,1692.9452 ,0.1638 ,0.6562 ,1.3692 ,0.1472 
600197,2015/12/31,282.2856 ,1637.5343 ,0.1724 ,0.6891 ,1.3628 ,0.1619 
600197,2014/12/31,268.8161 ,1628.2934 ,0.1651 ,0.7066 ,1.4672 ,0.1712 
600197,2013/12/31,265.2821 ,1753.0726 ,0.1513 ,0.6911 ,1.7946 ,0.1877 
600197,2012/12/31,227.6787 ,1762.2917 ,0.1292 ,0.6983 ,1.9865 ,0.1792 
600197,2011/12/31,206.0816 ,1234.8430 ,0.1669 ,0.6041 ,1.7880 ,0.1803 
600197,2010/12/31,133.2060 ,1085.1290 ,0.1228 ,0.6404 ,1.6041 ,0.1261 
600197,2009/12/31,106.7173 ,870.8804 ,0.1225 ,0.5947 ,1.4431 ,0.1052 
600197,2008/12/31,123.4410 ,730.8954 ,0.1689 ,0.5681 ,1.3452 ,0.1291 
600197,2007/12/31,108.3697 ,638.4918 ,0.1697 ,0.5573 ,1.2894 ,0.1220 
600197,2006/12/31,97.4466 ,484.7902 ,0.2010 ,0.4649 ,1.2692 ,0.1186 
600197,2005/12/31,-21.6605 ,431.4373 ,-0.0502 ,0.4104 ,1.2843 ,-0.0265 
600197,2004/12/31,84.4735 ,332.4126 ,0.2541 ,0.2920 ,1.3243 ,0.0983 
600197,2003/12/31,79.1167 ,379.4990 ,0.2085 ,0.3442 ,1.3120 ,0.0941 
600197,2002/12/31,79.1793 ,366.9751 ,0.2158 ,0.3729 ,1.2582 ,0.1012 
600197,2001/12/31,76.7744 ,351.5586 ,0.2184 ,0.3690 ,1.2990 ,0.1047 
600197,2000/12/31,80.8300 ,353.2127 ,0.2288 ,0.3663 ,1.3868 ,0.1162 
600197,1999/12/31,66.9911 ,422.6788 ,0.1585 ,0.6066 ,1.6107 ,0.1549 
600197,1998/12/31,75.1495 ,402.4579 ,0.1867 ,1.0400 ,2.3155 ,0.4497 
600197,1997/12/31,65.8448 ,330.4486 ,0.1993 ,1.0296 ,2.6883 ,0.5515 
600199,2017/12/31,9.1611 ,1290.1543 ,0.0071 ,0.4028 ,1.4244 ,0.0041 
600199,2016/12/31,17.5374 ,1435.7397 ,0.0122 ,0.4363 ,1.4661 ,0.0078 
600199,2015/12/31,52.3540 ,1727.5995 ,0.0303 ,0.5291 ,1.4629 ,0.0235 
600199,2014/12/31,88.5732 ,2075.0346 ,0.0427 ,0.6484 ,1.4566 ,0.0403 
600199,2013/12/31,133.6186 ,2080.6190 ,0.0642 ,0.6762 ,1.4040 ,0.0610 
600199,2012/12/31,561.5284 ,2294.4367 ,0.2447 ,0.8630 ,1.3466 ,0.2844 
600199,2011/12/31,365.8076 ,1764.5629 ,0.2073 ,0.8278 ,1.3714 ,0.2353 
600199,2010/12/31,169.0106 ,1379.9292 ,0.1225 ,0.9011 ,1.5126 ,0.1669 
600199,2009/12/31,71.4636 ,1045.6319 ,0.0683 ,1.0798 ,1.5655 ,0.1155 
600199,2008/12/31,24.2850 ,661.7035 ,0.0367 ,0.8488 ,1.3728 ,0.0428 
600199,2007/12/31,26.4835 ,787.6234 ,0.0336 ,1.0001 ,1.4547 ,0.0489 
600199,2006/12/31,20.1511 ,769.1075 ,0.0262 ,0.8307 ,1.5613 ,0.0340 
600199,2005/12/31,6.0126 ,765.3266 ,0.0079 ,0.6460 ,1.8193 ,0.0092 
600199,2004/12/31,-186.6098 ,421.4869 ,-0.4427 ,0.3025 ,1.8884 ,-0.2529 
600199,2003/12/31,-153.1127 ,374.9678 ,-0.4083 ,0.2441 ,1.6897 ,-0.1684 
600199,2002/12/31,18.0572 ,413.8812 ,0.0436 ,0.2667 ,1.5897 ,0.0185 
600199,2001/12/31,35.0103 ,512.3979 ,0.0683 ,0.3699 ,1.7004 ,0.0430 
600199,2000/12/31,61.2367 ,595.7890 ,0.1028 ,0.4745 ,1.8750 ,0.0914 
600199,1999/12/31,94.8228 ,698.9405 ,0.1357 ,0.6238 ,1.7432 ,0.1475 
600199,1998/12/31,62.6953 ,549.0015 ,0.1142 ,0.7098 ,1.9809 ,0.1606 
600199,1997/12/31,53.7069 ,618.9519 ,0.0868 ,1.3195 ,3.1429 ,0.3598 
600199,1996/12/31,48.4275 ,550.6137 ,0.0880 ,1.7996 ,3.2114 ,0.5083 
600238,2017/12/31,-106.1694 ,1142.9504 ,-0.0929 ,0.6229 ,2.2604 ,-0.1308 
600238,2016/12/31,-35.5314 ,846.2501 ,-0.0420 ,0.5509 ,1.7406 ,-0.0403 
600238,2015/12/31,13.2799 ,438.6023 ,0.0303 ,0.3192 ,1.5372 ,0.0149 
600238,2014/12/31,42.4110 ,491.5574 ,0.0863 ,0.3461 ,1.5984 ,0.0477 
600238,2013/12/31,134.5477 ,910.5500 ,0.1478 ,0.5888 ,1.8302 ,0.1592 
600238,2012/12/31,165.3399 ,1258.7631 ,0.1314 ,0.8209 ,2.1060 ,0.2271 
600238,2011/12/31,-39.7530 ,1527.1402 ,-0.0260 ,1.1329 ,1.9395 ,-0.0572 
600238,2010/12/31,195.5216 ,1604.9348 ,0.1218 ,1.2200 ,1.9288 ,0.2867 
600238,2009/12/31,114.4882 ,1466.0417 ,0.0781 ,1.2388 ,2.2504 ,0.2177 
600238,2008/12/31,-230.7408 ,1089.5905 ,-0.2118 ,1.0393 ,2.0774 ,-0.4572 
600238,2007/12/31,56.7142 ,1129.9433 ,0.0502 ,1.1103 ,1.8006 ,0.1003 
600238,2006/12/31,31.9675 ,1354.3669 ,0.0236 ,1.3597 ,1.8678 ,0.0599 
600238,2005/12/31,51.1423 ,1337.9323 ,0.0382 ,1.1881 ,2.1270 ,0.0966 
600238,2004/12/31,60.3291 ,1291.0939 ,0.0467 ,1.0863 ,2.2496 ,0.1142 
600238,2003/12/31,49.8256 ,1012.7199 ,0.0492 ,0.9490 ,2.1399 ,0.0999 
600238,2002/12/31,43.7104 ,562.9021 ,0.0777 ,0.6622 ,1.8901 ,0.0972 
600238,2001/12/31,42.0752 ,419.1597 ,0.1004 ,0.6423 ,1.6324 ,0.1052 
600238,2000/12/31,31.5397 ,209.2512 ,0.1507 ,0.3911 ,1.4455 ,0.0852 
600238,1999/12/31,26.1822 ,115.2369 ,0.2272 ,0.3030 ,1.3672 ,0.0941 
600238,1998/12/31,25.3571 ,100.8756 ,0.2514 ,0.3669 ,1.4854 ,0.1370 
600238,1997/12/31,18.8836 ,77.5398 ,0.2435 ,0.2964 ,1.5478 ,0.1117 
600300,2017/12/31,74.8409 ,4646.5446 ,0.0161 ,0.5593 ,2.5535 ,0.0230 
600300,2016/12/31,64.7807 ,4463.5953 ,0.0145 ,0.5434 ,2.4908 ,0.0196 
600300,2015/12/31,69.1686 ,3887.7696 ,0.0178 ,0.5000 ,2.3175 ,0.0206 
600300,2014/12/31,178.9094 ,4462.4248 ,0.0401 ,0.6135 ,2.2083 ,0.0543 
600300,2013/12/31,90.6531 ,5061.8301 ,0.0179 ,0.6706 ,2.2771 ,0.0273 
600300,2012/12/31,154.2782 ,5810.4908 ,0.0266 ,0.7666 ,2.3782 ,0.0484 
600300,2011/12/31,220.8193 ,5369.0290 ,0.0411 ,0.8664 ,2.1170 ,0.0754 
600300,2010/12/31,204.0878 ,4763.1970 ,0.0428 ,0.9390 ,1.7312 ,0.0697 
600300,2009/12/31,237.6826 ,2839.3902 ,0.0837 ,0.6702 ,1.5834 ,0.0888 
600300,2008/12/31,43.6932 ,2833.8129 ,0.0154 ,0.8573 ,1.6246 ,0.0215 
600300,2007/12/31,88.6428 ,3181.2471 ,0.0279 ,1.1296 ,1.6690 ,0.0525 
600300,2006/12/31,58.7787 ,3191.2551 ,0.0184 ,1.1387 ,1.6620 ,0.0349 
600300,2005/12/31,87.1545 ,2970.0576 ,0.0293 ,0.8771 ,2.0042 ,0.0516 
600300,2004/12/31,97.8570 ,2332.6448 ,0.0420 ,0.7429 ,1.8780 ,0.0585 
600300,2003/12/31,125.7615 ,1728.2571 ,0.0728 ,0.7740 ,1.3684 ,0.0771 
600300,2002/12/31,117.5090 ,1444.6879 ,0.0813 ,0.7738 ,1.2445 ,0.0783 
600300,2001/12/31,135.8948 ,1154.9499 ,0.1177 ,0.6960 ,1.2475 ,0.1022 
600300,2000/12/31,105.2972 ,1025.1379 ,0.1027 ,0.8915 ,1.5341 ,0.1405 
600300,1999/12/31,109.5500 ,1043.7198 ,0.1050 ,1.4522 ,3.0142 ,0.4594 
600300,1998/12/31,105.1537 ,1381.1674 ,0.0761 ,1.9414 ,3.5749 ,0.5284 
600365,2017/12/31,26.6461 ,919.5519 ,0.0290 ,0.8373 ,1.4602 ,0.0354 
600365,2016/12/31,19.9807 ,594.0168 ,0.0336 ,0.5758 ,1.4041 ,0.0272 
600365,2015/12/31,12.4911 ,474.7071 ,0.0263 ,0.5434 ,1.2363 ,0.0177 
600365,2014/12/31,2.2281 ,109.7944 ,0.0203 ,0.1450 ,1.1067 ,0.0033 
600365,2013/12/31,9.8660 ,84.9726 ,0.1161 ,0.1545 ,1.3221 ,0.0237 
600365,2012/12/31,13.1144 ,84.2178 ,0.1557 ,0.2724 ,2.1553 ,0.0914 
600365,2011/12/31,3.9053 ,94.5959 ,0.0413 ,0.3575 ,1.9607 ,0.0289 
600365,2010/12/31,-22.8650 ,82.8808 ,-0.2759 ,0.3127 ,1.8353 ,-0.1583 
600365,2009/12/31,-37.8907 ,68.8857 ,-0.5501 ,0.2426 ,1.6242 ,-0.2168 
600365,2008/12/31,2.1472 ,87.4240 ,0.0246 ,0.2816 ,1.6110 ,0.0111 
600365,2007/12/31,-264.1890 ,81.7950 ,-3.2299 ,0.1980 ,1.3282 ,-0.8493 
600365,2006/12/31,1.4396 ,70.4153 ,0.0204 ,0.1379 ,1.1826 ,0.0033 
600365,2005/12/31,1.0225 ,70.2922 ,0.0145 ,0.1338 ,1.2141 ,0.0024 
600365,2004/12/31,-98.7378 ,39.8379 ,-2.4785 ,0.0696 ,1.1889 ,-0.2052 
600365,2003/12/31,4.9720 ,87.5172 ,0.0568 ,0.1386 ,1.1957 ,0.0094 
600365,2002/12/31,9.1857 ,102.4134 ,0.0897 ,0.1609 ,1.2054 ,0.0174 
600365,2001/12/31,6.9405 ,128.5539 ,0.0540 ,0.1988 ,1.2268 ,0.0132 
600365,2000/12/31,11.4330 ,138.3201 ,0.0827 ,0.2872 ,1.5408 ,0.0366 
600365,1999/12/31,18.2277 ,126.9293 ,0.1436 ,0.4883 ,2.8107 ,0.1971 
600365,1998/12/31,16.6214 ,102.9762 ,0.1614 ,0.4835 ,2.8377 ,0.2214 
600519,2017/12/31,29006.4232 ,61062.7569 ,0.4750 ,0.4933 ,1.4399 ,0.3374 
600519,2016/12/31,17930.6431 ,40155.0844 ,0.4465 ,0.4031 ,1.4018 ,0.2523 
600519,2015/12/31,16454.9966 ,33446.8590 ,0.4920 ,0.4396 ,1.2520 ,0.2708 
600519,2014/12/31,16269.3715 ,32217.2137 ,0.5050 ,0.5311 ,1.2201 ,0.3272 
600519,2013/12/31,15964.8999 ,31070.5962 ,0.5138 ,0.6186 ,1.2622 ,0.4012 
600519,2012/12/31,14008.4507 ,26455.3352 ,0.5295 ,0.6622 ,1.3129 ,0.4604 
600519,2011/12/31,9250.3238 ,18402.3552 ,0.5027 ,0.6085 ,1.3762 ,0.4209 
600519,2010/12/31,5339.7615 ,11633.2837 ,0.4590 ,0.5130 ,1.3661 ,0.3217 
600519,2009/12/31,4552.8889 ,9669.9991 ,0.4708 ,0.5444 ,1.3582 ,0.3481 
600519,2008/12/31,4000.7593 ,8241.6856 ,0.4854 ,0.6283 ,1.3202 ,0.4026 
600519,2007/12/31,2966.0525 ,7237.4307 ,0.4098 ,0.7285 ,1.3834 ,0.4130 
600519,2006/12/31,1574.3082 ,4896.5828 ,0.3215 ,0.5613 ,1.5637 ,0.2822 
600519,2005/12/31,1169.1221 ,3930.5642 ,0.2974 ,0.5447 ,1.5387 ,0.2493 
600519,2004/12/31,854.1722 ,3009.7954 ,0.2838 ,0.5313 ,1.4739 ,0.2222 
600519,2003/12/31,608.7535 ,2402.1020 ,0.2534 ,0.5406 ,1.4005 ,0.1919 
600519,2002/12/31,392.5860 ,1838.1300 ,0.2136 ,0.4972 ,1.3660 ,0.1451 
600519,2001/12/31,342.3658 ,1619.2024 ,0.2114 ,0.6843 ,1.5872 ,0.2297 
600519,2000/12/31,255.2848 ,1113.0196 ,0.2294 ,1.0193 ,2.9952 ,0.7002 
600519,1999/12/31,215.6901 ,891.2373 ,0.2420 ,1.0758 ,3.1897 ,0.8305 
600543,2017/12/31,18.3903 ,225.5304 ,0.0815 ,0.1723 ,1.1725 ,0.0165 
600543,2016/12/31,18.3769 ,211.8622 ,0.0867 ,0.1638 ,1.1744 ,0.0167 
600543,2015/12/31,18.2622 ,248.6480 ,0.0734 ,0.1958 ,1.1693 ,0.0168 
600543,2014/12/31,17.0185 ,325.1737 ,0.0523 ,0.2619 ,1.1645 ,0.0160 
600543,2013/12/31,-82.7555 ,364.7371 ,-0.2269 ,0.2909 ,1.1407 ,-0.0753 
600543,2012/12/31,50.2986 ,361.2753 ,0.1392 ,0.2884 ,1.1201 ,0.0450 
600543,2011/12/31,47.7849 ,362.5851 ,0.1318 ,0.3065 ,1.1064 ,0.0447 
600543,2010/12/31,42.1380 ,368.4479 ,0.1144 ,0.3258 ,1.1041 ,0.0411 
600543,2009/12/31,36.2306 ,330.5325 ,0.1096 ,0.2933 ,1.1438 ,0.0368 
600543,2008/12/31,49.7466 ,422.4833 ,0.1177 ,0.4331 ,1.3056 ,0.0666 
600543,2007/12/31,28.5847 ,358.4198 ,0.0798 ,0.4439 ,1.5653 ,0.0554 
600543,2006/12/31,5.7272 ,307.4118 ,0.0186 ,0.3576 ,1.7000 ,0.0113 
600543,2005/12/31,4.8692 ,249.8576 ,0.0195 ,0.2767 ,1.7740 ,0.0096 
600543,2004/12/31,18.6942 ,269.3333 ,0.0694 ,0.3989 ,1.9223 ,0.0532 
600543,2003/12/31,26.2867 ,232.4452 ,0.1131 ,0.5292 ,2.4599 ,0.1472 
600543,2002/12/31,25.4877 ,198.1333 ,0.1286 ,0.5002 ,2.5993 ,0.1673 
600559,2017/12/31,163.5233 ,2534.9651 ,0.0645 ,0.8323 ,1.8360 ,0.0986 
600559,2016/12/31,110.8433 ,2438.3325 ,0.0455 ,0.8119 ,1.9069 ,0.0704 
600559,2015/12/31,75.0419 ,2335.8053 ,0.0321 ,0.9258 ,2.2830 ,0.0679 
600559,2014/12/31,59.1376 ,2109.1566 ,0.0280 ,1.0287 ,3.1744 ,0.0916 
600559,2013/12/31,65.5597 ,1802.7040 ,0.0364 ,1.0162 ,2.8431 ,0.1051 
600559,2012/12/31,112.2413 ,1666.2704 ,0.0674 ,1.0616 ,2.7772 ,0.1986 
600559,2011/12/31,92.1314 ,1413.6948 ,0.0652 ,1.0324 ,2.9282 ,0.1970 
600559,2010/12/31,41.6463 ,1166.0562 ,0.0357 ,0.9445 ,2.9781 ,0.1005 
600559,2009/12/31,35.7194 ,934.9728 ,0.0382 ,0.8154 ,2.9948 ,0.0933 
600559,2008/12/31,31.1476 ,601.7488 ,0.0518 ,0.5678 ,2.9731 ,0.0874 
600559,2007/12/31,17.3928 ,461.6262 ,0.0377 ,0.5095 ,2.6368 ,0.0506 
600559,2006/12/31,2.3226 ,479.6886 ,0.0048 ,0.6518 ,2.1646 ,0.0068 
600559,2005/12/31,11.0905 ,372.6562 ,0.0298 ,0.5693 ,1.9051 ,0.0323 
600559,2004/12/31,15.5455 ,299.5964 ,0.0519 ,0.4934 ,1.7559 ,0.0450 
600559,2003/12/31,15.1279 ,261.1313 ,0.0579 ,0.4486 ,1.7109 ,0.0445 
600559,2002/12/31,21.7477 ,264.2735 ,0.0823 ,0.5396 ,2.0259 ,0.0900 
600559,2001/12/31,21.8254 ,229.0357 ,0.0953 ,0.5743 ,2.7244 ,0.1491 
600559,2000/12/31,21.6965 ,222.7709 ,0.0974 ,0.5914 ,2.6318 ,0.1516 
600573,2017/12/31,23.7400 ,569.0272 ,0.0417 ,0.4746 ,1.0776 ,0.0213 
600573,2016/12/31,2.4354 ,617.5790 ,0.0039 ,0.5221 ,1.0711 ,0.0022 
600573,2015/12/31,22.4558 ,751.5482 ,0.0299 ,0.6367 ,1.0724 ,0.0204 
600573,2014/12/31,31.1591 ,829.0084 ,0.0376 ,0.7108 ,1.0752 ,0.0287 
600573,2013/12/31,19.7497 ,796.3065 ,0.0248 ,0.6971 ,1.0726 ,0.0185 
600573,2012/12/31,-75.4361 ,690.5945 ,-0.1092 ,0.5800 ,1.0825 ,-0.0686 
600573,2011/12/31,32.5007 ,880.3836 ,0.0369 ,0.6993 ,1.1058 ,0.0285 
600573,2010/12/31,51.6722 ,908.7177 ,0.0569 ,0.7204 ,1.1210 ,0.0459 
600573,2009/12/31,76.7604 ,1095.4211 ,0.0701 ,0.8928 ,1.1229 ,0.0702 
600573,2008/12/31,68.2959 ,1029.3347 ,0.0663 ,0.8619 ,1.1448 ,0.0655 
600573,2007/12/31,44.3257 ,1031.2717 ,0.0430 ,0.8766 ,1.1736 ,0.0442 
600573,2006/12/31,35.7734 ,961.9449 ,0.0372 ,0.8108 ,1.2152 ,0.0366 
600573,2005/12/31,27.7589 ,849.4195 ,0.0327 ,0.7215 ,1.2351 ,0.0291 
600573,2004/12/31,13.8105 ,811.9503 ,0.0170 ,0.6516 ,1.3358 ,0.0148 
600573,2003/12/31,11.6552 ,884.3894 ,0.0132 ,0.6961 ,1.8458 ,0.0169 
600573,2002/12/31,70.8023 ,906.3044 ,0.0781 ,0.7920 ,2.7540 ,0.1704 
600573,2001/12/31,64.1055 ,945.2911 ,0.0678 ,0.9617 ,2.6284 ,0.1714 
600600,2017/12/31,1382.2556 ,26277.0517 ,0.0526 ,0.8608 ,1.7618 ,0.0798 
600600,2016/12/31,1105.6985 ,26106.3437 ,0.0424 ,0.8913 ,1.7727 ,0.0669 
600600,2015/12/31,1612.0435 ,27634.6860 ,0.0583 ,0.9958 ,1.7647 ,0.1025 
600600,2014/12/31,2019.5321 ,29049.3212 ,0.0695 ,1.0686 ,1.8645 ,0.1385 
600600,2013/12/31,1974.9238 ,28290.9784 ,0.0698 ,1.1089 ,1.9142 ,0.1482 
600600,2012/12/31,1844.7622 ,25781.5440 ,0.0716 ,1.1384 ,1.8826 ,0.1533 
600600,2011/12/31,1797.6146 ,23158.0543 ,0.0776 ,1.1752 ,1.8770 ,0.1712 
600600,2010/12/31,1584.4191 ,19897.8278 ,0.0796 ,1.2191 ,1.7855 ,0.1733 
600600,2009/12/31,1299.1125 ,18026.1079 ,0.0721 ,1.3158 ,1.8290 ,0.1734 
600600,2008/12/31,733.7721 ,16023.4420 ,0.0458 ,1.3310 ,1.9408 ,0.1183 
600600,2007/12/31,598.0005 ,13709.2197 ,0.0436 ,1.2973 ,1.7985 ,0.1018 
600600,2006/12/31,435.2403 ,11707.3034 ,0.0372 ,1.2209 ,1.6918 ,0.0768 
600600,2005/12/31,339.4630 ,10059.5959 ,0.0337 ,1.0335 ,1.9955 ,0.0696 
600600,2004/12/31,301.6540 ,8651.3023 ,0.0349 ,0.9164 ,2.2616 ,0.0723 
600600,2003/12/31,290.6250 ,7525.3674 ,0.0386 ,0.8389 ,2.2185 ,0.0719 
600600,2002/12/31,267.5330 ,6951.9864 ,0.0385 ,0.8092 ,2.2718 ,0.0707 
600600,2001/12/31,119.6726 ,5283.7958 ,0.0226 ,0.6942 ,2.3928 ,0.0376 
600600,2000/12/31,110.9812 ,3779.1597 ,0.0294 ,0.6220 ,2.3149 ,0.0423 
600600,1999/12/31,93.1077 ,2445.5006 ,0.0381 ,0.5372 ,1.8769 ,0.0384 
600600,1998/12/31,100.7780 ,1727.3669 ,0.0583 ,0.4419 ,1.7071 ,0.0440 
600600,1997/12/31,103.1905 ,1527.8778 ,0.0675 ,0.4286 ,1.6160 ,0.0468 
600600,1996/12/31,59.2877 ,1507.1198 ,0.0393 ,0.4918 ,1.4668 ,0.0284 
600600,1995/12/31,140.1714 ,1473.6086 ,0.0951 ,0.5278 ,1.4025 ,0.0704 
600600,1994/12/31,165.7570 ,1104.0410 ,0.1501 ,0.4161 ,1.3877 ,0.0867 
600600,1993/12/31,225.6312 ,1053.0285 ,0.2143 ,0.5658 ,1.7469 ,0.2118 
600616,2017/12/31,48.5831 ,986.9334 ,0.0492 ,0.4093 ,1.1992 ,0.0242 
600616,2016/12/31,53.5001 ,1075.4048 ,0.0497 ,0.4382 ,1.2359 ,0.0269 
600616,2015/12/31,70.4015 ,1067.2150 ,0.0660 ,0.4564 ,1.1995 ,0.0361 
600616,2014/12/31,68.1947 ,941.5485 ,0.0724 ,0.4952 ,1.1690 ,0.0419 
600616,2013/12/31,114.6454 ,1025.8550 ,0.1118 ,0.6332 ,1.2556 ,0.0888 
600616,2012/12/31,101.4281 ,951.1802 ,0.1066 ,0.6097 ,1.2797 ,0.0832 
600616,2011/12/31,140.9746 ,1042.4136 ,0.1352 ,0.7265 ,1.2524 ,0.1231 
600616,2010/12/31,131.3888 ,978.0493 ,0.1343 ,0.7712 ,1.2183 ,0.1262 
600616,2009/12/31,146.2179 ,944.5296 ,0.1548 ,0.8047 ,1.2476 ,0.1554 
600616,2008/12/31,196.8673 ,4651.2319 ,0.0423 ,2.2128 ,1.9882 ,0.1862 
600616,2007/12/31,223.5185 ,5372.3784 ,0.0416 ,1.9363 ,2.4501 ,0.1974 
600616,2006/12/31,250.8037 ,4730.5573 ,0.0530 ,1.8843 ,2.5881 ,0.2586 
600616,2005/12/31,224.8721 ,4226.9594 ,0.0532 ,1.8106 ,2.8964 ,0.2790 
600616,2004/12/31,146.9433 ,3693.5802 ,0.0398 ,1.8074 ,3.1071 ,0.2234 
600616,2003/12/31,92.1041 ,3191.7374 ,0.0289 ,1.9658 ,3.0462 ,0.1728 
600616,2002/12/31,35.4107 ,1069.1240 ,0.0331 ,1.1195 ,2.4141 ,0.0895 
600616,2001/12/31,27.3473 ,595.6621 ,0.0459 ,1.1336 ,1.6821 ,0.0875 
600616,2000/12/31,19.0176 ,601.0588 ,0.0316 ,1.4852 ,1.6504 ,0.0776 
600616,1999/12/31,17.9359 ,470.3187 ,0.0381 ,1.6040 ,1.7045 ,0.1043 
600616,1998/12/31,19.3596 ,509.5143 ,0.0380 ,1.7397 ,1.7779 ,0.1175 
600616,1997/12/31,16.7792 ,394.6169 ,0.0425 ,1.2549 ,1.9662 ,0.1049 
600616,1996/12/31,12.9017 ,403.5657 ,0.0320 ,1.3073 ,2.0360 ,0.0851 
600616,1995/12/31,17.0753 ,396.3621 ,0.0431 ,1.5778 ,1.7245 ,0.1172 
600616,1994/12/31,17.3535 ,310.4911 ,0.0559 ,1.6062 ,1.3749 ,0.1234 
600616,1993/12/31,12.8632 ,261.9902 ,0.0491 ,1.6928 ,1.3685 ,0.1137 
600702,2017/12/31,142.1060 ,1638.4401 ,0.0867 ,0.3782 ,1.7397 ,0.0571 
600702,2016/12/31,80.1990 ,1461.5826 ,0.0549 ,0.3783 ,1.6903 ,0.0351 
600702,2015/12/31,7.1281 ,1156.1351 ,0.0062 ,0.3108 ,1.6566 ,0.0032 
600702,2014/12/31,13.3894 ,1444.9833 ,0.0093 ,0.4078 ,1.5804 ,0.0060 
600702,2013/12/31,11.7742 ,1418.5917 ,0.0083 ,0.4129 ,1.5012 ,0.0051 
600702,2012/12/31,369.8576 ,1959.4615 ,0.1888 ,0.5823 ,1.5408 ,0.1694 
600702,2011/12/31,195.2087 ,1269.2154 ,0.1538 ,0.3932 ,1.6625 ,0.1005 
600702,2010/12/31,76.4293 ,894.6015 ,0.0854 ,0.2960 ,1.6528 ,0.0418 
600702,2009/12/31,53.7883 ,723.4262 ,0.0744 ,0.2583 ,1.5675 ,0.0301 
600702,2008/12/31,41.4846 ,871.0181 ,0.0476 ,0.3161 ,1.5744 ,0.0237 
600702,2007/12/31,41.3542 ,900.0649 ,0.0459 ,0.3407 ,1.5544 ,0.0243 
600702,2006/12/31,20.3886 ,815.8386 ,0.0250 ,0.3464 ,1.4170 ,0.0123 
600702,2005/12/31,15.1283 ,827.2354 ,0.0183 ,0.3869 ,1.2981 ,0.0092 
600702,2004/12/31,13.8049 ,814.4809 ,0.0169 ,0.3912 ,1.2769 ,0.0085 
600702,2003/12/31,12.1264 ,761.8912 ,0.0159 ,0.3674 ,1.2832 ,0.0075 
600702,2002/12/31,10.1297 ,868.5205 ,0.0117 ,0.4264 ,1.2699 ,0.0063 
600702,2001/12/31,31.0064 ,868.0072 ,0.0357 ,0.4371 ,1.2564 ,0.0196 
600702,2000/12/31,102.4748 ,946.9599 ,0.1082 ,0.5254 ,1.3204 ,0.0751 
600702,1999/12/31,101.6264 ,848.7817 ,0.1197 ,0.5216 ,1.3912 ,0.0869 
600702,1998/12/31,129.2849 ,830.6125 ,0.1557 ,0.5868 ,1.5474 ,0.1413 
600702,1997/12/31,184.6283 ,855.7842 ,0.2157 ,0.7514 ,2.0090 ,0.3257 
600702,1996/12/31,105.1435 ,802.7880 ,0.1310 ,0.9257 ,2.3878 ,0.2895 
600779,2017/12/31,335.4880 ,2048.3804 ,0.1638 ,0.8206 ,1.6370 ,0.2200 
600779,2016/12/31,224.7919 ,1176.3741 ,0.1911 ,0.5884 ,1.4535 ,0.1634 
600779,2015/12/31,87.9736 ,854.8672 ,0.1029 ,0.5004 ,1.3737 ,0.0707 
600779,2014/12/31,180.0050 ,364.8685 ,0.4933 ,0.1981 ,1.2980 ,0.1268 
600779,2013/12/31,-151.8032 ,485.7463 ,-0.3125 ,0.2061 ,1.3359 ,-0.0860 
600779,2012/12/31,339.1405 ,1636.1861 ,0.2073 ,0.6316 ,1.4531 ,0.1902 
600779,2011/12/31,320.9897 ,1481.9111 ,0.2166 ,0.6345 ,1.4915 ,0.2050 
600779,2010/12/31,231.3182 ,1818.1645 ,0.1272 ,0.7367 ,1.6638 ,0.1559 
600779,2009/12/31,319.1161 ,1673.4977 ,0.1907 ,0.6307 ,1.7996 ,0.2164 
600779,2008/12/31,316.4582 ,1178.9142 ,0.2684 ,0.4936 ,1.7326 ,0.2296 
600779,2007/12/31,203.9045 ,1003.9475 ,0.2031 ,0.4839 ,1.6711 ,0.1642 
600779,2006/12/31,103.6599 ,804.9082 ,0.1288 ,0.4462 ,1.5680 ,0.0901 
600779,2005/12/31,78.1860 ,604.3414 ,0.1294 ,0.3653 ,1.4828 ,0.0701 
600779,2004/12/31,65.6352 ,797.8231 ,0.0823 ,0.4100 ,1.7282 ,0.0583 
600779,2003/12/31,-178.4149 ,921.4053 ,-0.1936 ,0.3847 ,1.9352 ,-0.1442 
600779,2002/12/31,23.9932 ,1071.9852 ,0.0224 ,0.4322 ,1.9186 ,0.0186 
600779,2001/12/31,170.3585 ,1195.2688 ,0.1425 ,0.5766 ,2.0529 ,0.1687 
600779,2000/12/31,177.1926 ,1303.4265 ,0.1359 ,0.8492 ,2.3485 ,0.2711 
600779,1999/12/31,258.6979 ,1270.2051 ,0.2037 ,1.2236 ,2.3613 ,0.5885 
600779,1998/12/31,36.4002 ,319.8654 ,0.1138 ,0.4937 ,2.0655 ,0.1160 
600779,1997/12/31,30.0049 ,302.8863 ,0.0991 ,0.5248 ,1.9868 ,0.1033 
600779,1996/12/31,28.8037 ,311.3369 ,0.0925 ,0.7109 ,2.0903 ,0.1375 
600779,1995/12/31,21.2716 ,381.9168 ,0.0557 ,1.1418 ,2.7245 ,0.1733 
600779,1994/12/31,19.3951 ,266.1601 ,0.0729 ,0.9741 ,2.5949 ,0.1842 
600809,2017/12/31,1004.1592 ,6037.4817 ,0.1663 ,0.7382 ,1.6074 ,0.1974 
600809,2016/12/31,641.5737 ,4404.9483 ,0.1456 ,0.6238 ,1.5134 ,0.1375 
600809,2015/12/31,541.8078 ,4128.5585 ,0.1312 ,0.6610 ,1.4818 ,0.1285 
600809,2014/12/31,357.8746 ,3916.0674 ,0.0914 ,0.6750 ,1.4853 ,0.0916 
600809,2013/12/31,985.4180 ,6087.1999 ,0.1619 ,1.0206 ,1.5903 ,0.2628 
600809,2012/12/31,1387.1141 ,6478.7639 ,0.2141 ,1.1754 ,1.7764 ,0.4470 
600809,2011/12/31,924.5604 ,4488.1481 ,0.2060 ,1.0727 ,1.8030 ,0.3984 
600809,2010/12/31,601.9247 ,3016.6250 ,0.1995 ,1.0115 ,1.5485 ,0.3125 
600809,2009/12/31,457.9136 ,2143.4519 ,0.2136 ,0.9271 ,1.3682 ,0.2710 
600809,2008/12/31,314.6075 ,1584.5193 ,0.1986 ,0.7919 ,1.3386 ,0.2105 
600809,2007/12/31,415.2145 ,1846.7938 ,0.2248 ,1.0424 ,1.3587 ,0.3184 
600809,2006/12/31,318.2550 ,1520.8331 ,0.2093 ,1.0168 ,1.3581 ,0.2890 
600809,2005/12/31,168.4311 ,1073.2239 ,0.1569 ,0.8455 ,1.3319 ,0.1767 
600809,2004/12/31,111.8176 ,839.2617 ,0.1332 ,0.7379 ,1.2991 ,0.1277 
600809,2003/12/31,55.2774 ,627.2430 ,0.0881 ,0.5979 ,1.2800 ,0.0674 
600809,2002/12/31,15.6917 ,526.0358 ,0.0298 ,0.4936 ,1.3526 ,0.0199 
600809,2001/12/31,26.4022 ,440.0350 ,0.0600 ,0.3959 ,1.4280 ,0.0339 
600809,2000/12/31,10.8593 ,372.4798 ,0.0292 ,0.3343 ,1.4325 ,0.0140 
600809,1999/12/31,3.7155 ,303.5608 ,0.0122 ,0.2725 ,1.4307 ,0.0048 
600809,1998/12/31,4.1337 ,250.4253 ,0.0165 ,0.2229 ,1.4493 ,0.0053 
600809,1997/12/31,51.6979 ,451.0448 ,0.1146 ,0.3982 ,1.4783 ,0.0675 
600809,1996/12/31,50.9656 ,441.2530 ,0.1155 ,0.3856 ,1.5751 ,0.0701 
600809,1995/12/31,46.6849 ,328.0730 ,0.1423 ,0.2970 ,1.5578 ,0.0658 
600809,1994/12/31,96.3820 ,465.9710 ,0.2068 ,0.4651 ,1.4763 ,0.1420 
600809,1993/12/31,142.1166 ,598.9512 ,0.2373 ,0.8320 ,1.6405 ,0.3239 
601579,2017/12/31,183.6256 ,1288.8747 ,0.1425 ,0.3350 ,1.2876 ,0.0615 
601579,2016/12/31,143.4110 ,1048.6423 ,0.1368 ,0.3422 ,1.3772 ,0.0644 
601579,2015/12/31,115.6551 ,914.8921 ,0.1264 ,0.3968 ,1.5453 ,0.0775 
601579,2014/12/31,111.9988 ,859.1300 ,0.1304 ,0.4043 ,1.7506 ,0.0923 
601579,2013/12/31,125.1473 ,933.8143 ,0.1340 ,0.4758 ,2.1603 ,0.1378 
601579,2012/12/31,127.1209 ,974.8211 ,0.1304 ,0.5461 ,2.1951 ,0.1563 
601579,2011/12/31,109.4672 ,880.6836 ,0.1243 ,0.5427 ,2.1503 ,0.1451 
601579,2010/12/31,60.3185 ,743.0467 ,0.0812 ,0.4633 ,2.2935 ,0.0863 
603198,2017/12/31,667.0691 ,3138.3812 ,0.2126 ,0.5439 ,1.4313 ,0.1655 
603198,2016/12/31,683.3139 ,3038.3300 ,0.2249 ,0.5575 ,1.4359 ,0.1800 
603198,2015/12/31,530.3991 ,2926.8044 ,0.1812 ,0.6409 ,1.4710 ,0.1708 
603198,2014/12/31,486.5565 ,2958.9545 ,0.1644 ,0.8138 ,1.5223 ,0.2037 
603198,2013/12/31,422.2480 ,3394.9605 ,0.1244 ,1.0006 ,1.6160 ,0.2011 
603198,2012/12/31,465.9458 ,3353.5616 ,0.1389 ,1.0610 ,1.7220 ,0.2539 
603369,2017/12/31,895.3683 ,2957.4952 ,0.3027 ,0.4414 ,1.3537 ,0.1809 
603369,2016/12/31,753.4562 ,2554.3780 ,0.2950 ,0.4403 ,1.3393 ,0.1740 
603369,2015/12/31,682.5148 ,2424.9193 ,0.2815 ,0.4887 ,1.3058 ,0.1796 
603369,2014/12/31,642.0662 ,2399.7378 ,0.2676 ,0.6101 ,1.3435 ,0.2193 
603369,2013/12/31,680.1103 ,2515.4217 ,0.2704 ,0.7940 ,1.5395 ,0.3305 
603369,2012/12/31,676.3755 ,2593.7568 ,0.2608 ,0.9864 ,1.6946 ,0.4359 
603589,2017/12/31,1113.6630 ,3602.6472 ,0.3091 ,0.5391 ,1.4333 ,0.2388 
603589,2016/12/31,783.4642 ,2830.1787 ,0.2768 ,0.5307 ,1.3487 ,0.1981 
603589,2015/12/31,605.3969 ,2584.0125 ,0.2343 ,0.5983 ,1.4527 ,0.2036 
603589,2014/12/31,422.1396 ,2258.5538 ,0.1869 ,0.6223 ,1.7106 ,0.1990 
603589,2013/12/31,398.1670 ,2447.1512 ,0.1627 ,0.7325 ,1.8497 ,0.2205 
603589,2012/12/31,455.9733 ,2506.5471 ,0.1819 ,0.9071 ,1.9103 ,0.3152 
603919,2017/12/31,252.9614 ,1332.8163 ,0.1898 ,0.5806 ,1.3235 ,0.1458 
603919,2016/12/31,221.8658 ,1277.2778 ,0.1737 ,0.6213 ,1.7062 ,0.1841 
603919,2015/12/31,165.8058 ,1182.4109 ,0.1402 ,0.6933 ,2.4221 ,0.2355 
603919,2014/12/31,124.7141 ,1012.8755 ,0.1231 ,0.7326 ,2.3272 ,0.2099 
603919,2013/12/31,108.4473 ,1093.0827 ,0.0992 ,0.8923 ,2.4188 ,0.2141 
603919,2012/12/31,106.4470 ,975.5839 ,0.1091 ,0.9492 ,3.2971 ,0.3415 
